{"cameraMode":{"drawMode":0,"name":"Shaded","section":"Shading Mode"},"sceneLighting":true,"audioPlay":false,"sceneViewState":{"showFog":false,"showMaterialUpdate":false,"showSkybox":false,"showFlares":false,"showImageEffects":false,"showParticleSystems":false},"in2DMode":false,"pivot":{"x":405.66839599609377,"y":-3135.803466796875,"z":5294.8671875},"rotation":{"x":-0.26199066638946535,"y":-0.029805975034832956,"z":0.008095599710941315,"w":-0.9645760655403137},"size":6526.4599609375,"orthographic":false}