{"cameraMode":{"drawMode":0,"name":"Shaded","section":"Shading Mode"},"sceneLighting":true,"audioPlay":false,"sceneViewState":{"showFog":true,"showMaterialUpdate":true,"showSkybox":true,"showFlares":true,"showImageEffects":true,"showParticleSystems":true},"in2DMode":false,"pivot":{"x":-25.196842193603517,"y":2.980743885040283,"z":2.9579408168792726},"rotation":{"x":-0.023787828162312509,"y":0.6856510043144226,"z":-0.02242843247950077,"w":-0.7271958589553833},"size":3.9452340602874758,"orthographic":false}