{"cameraMode":{"drawMode":0,"name":"Shaded","section":"Shading Mode"},"sceneLighting":false,"audioPlay":false,"sceneViewState":{"showFog":false,"showMaterialUpdate":false,"showSkybox":false,"showFlares":false,"showImageEffects":false,"showParticleSystems":false},"in2DMode":false,"pivot":{"x":-0.18138575553894044,"y":1.217772364616394,"z":-0.14768001437187196},"rotation":{"x":-0.1241728886961937,"y":0.7905060648918152,"z":-0.17073825001716615,"w":-0.574917197227478},"size":2.7256758213043215,"orthographic":false}